used, used
used, used
used, used
used, used
used, used
used, used
used, used
used, used
used, used
used, used
used, used
used, used
used, used
used, used
used, used
used, used
used, used
used, used
used, used
used, used
used, used
used, used
used, used
used, used
used, used
used, used
used, used
used, used
used, used
used, used
used, used
used, used
used, used
used, used
used, used
used, used
used, used
used, used
used, used
used, used
used, used
used, used
used, used
used, used
used, used
used, used
used, used
used, used
used, used
used, used
used, used
used, used
used, used
used, used
used, used
used, used
used, used
used, used
used, used
used, used
used, used
used, used
used, used
used, used
used, used
used, used
used, used
used, used
used, used
used, used
used, used
used, used
used, used
used, used
used, used
used, used
used, used
used, used
used, used
used, used
used, used
used, used
used, used
used, used
used, used
used, used
used, used
used, used
used, used
used, used
used, used
used, used
used, used
used, used
used, used
used, used
used, used
used, used
used, used
used, used
used, used
used, used
used, used
used, used
used, used
used, used
used, used
used, used
used, used
used, used
used, used
used, used
used, used
used, used
used, used
used, used
used, used
used, used
used, used
used, used
used, used
used, used
used, used
used, used
used, used
used, used
used, used
used, used
used, used
used, used
used, used
used, used
used, used
used, used
used, used
used, used
used, used
used, used
used, used
used, used
used, used
used, used
used, used
used, used
used, used
used, used
used, used
used, used
used, used
used, used
used, used
used, used
used, used
used, used
used, used
used, used
used, used
used, used
used, used
used, used
used, used
used, used
used, used
used, used
used, used
used, used
used, used
used, used
used, used
used, used
used, used
used, used
used, used
used, used
used, used
used, used
used, used
used, used
used, used
used, used
used, used
used, used
used, used
used, used
used, used
used, used
used, used
used, used
used, used
used, used
used, used
used, used
used, used
used, used
used, used
used, used
used, used
used, used
used, used
used, used
used, used
used, used
used, used
used, used
used, used
used, used
used, used
Rubayet,Mondol, used
Zahid,Alam, used
Saquib,Mondol, used
Naimul,Barua, used
Siam,Ghosh, used
Arafat,Sheikh, used
Salman,Ghosh, used
Mizan,Sarker, used
Saquib,Alam, used
Sayeed,Barua, used
Shahriar,Chowdhury, used
Adnan,Sheikh, used
Raju,Mondol, used
Saklain,Das, used
Mahin,Rahman, used
Sami,Ahmed, used
Zayan,Biswas, used
Sharif,Das, used
Zohair,Alam, used
Raiyum,Mia, used
Shuvo,Mondol, used
Adib,Alam, used
Tanzeem,Ghosh, used
Tawseef,Ahmed, used
Shahariar,Majumder, used
Nashit,Majumder, used
Zihad,Chowdhury, used
Iftekhar,Talukder, used
Zayan,Ghosh, used
Tafsir,Majumder, used
Asif,Ghosh, used
Rumman,Rahman, used
Tahsin,Ahmed, used
Haseeb,Bhuiyan, used
Miraz,Biswas, used
Shahadat,Karim, used
Azfar,Talukder, used
Hasib,Mia, used
Zayn,Chowdhury, used
Emon,Hossain, used
Sumon,Bhuiyan, used
Wasif,Islam, used
Limon,Ghosh, used
Sulaiman,Majumder, used
Mahedi,Barua, used
Rubel,Barua, used
Minhaz,Mia, used
Azim,Kabir, used
Saeem,Bhuiyan, used
Shahadat,Biswas, used
Eshan,Sarker, used
Tamzid,Majumder, used
Rehan,Bhuiyan, used
Tawsin,Talukder, used
Nasif,Barua, used
Arif,Hossain, used
Faiyaz,Alam, used
Salman,Sarker, used
Mahin,Biswas, used
Hridoy,Biswas, used
Mamun,Majumder, used
Nuhash,Islam, used
Masum,Das, used
Jahid,Islam, used
Belal,Rahman, used
Ayon,Kabir, used
Tanjim,Chowdhury, used
Naim,Rahman, used
Wahid,Sheikh, used
Maruf,Ghosh, used
Tamim,Sheikh, used
Parvez,Ghosh, used
Sadi,Barua, used
Abid,Ghosh, used
Mushfiq,Sarker, used
Hasib,Chowdhury, used
Naimul,Ahmed, used
Haider,Mia, used
Nazmus,Majumder, used
Shadab,Khan, used
Adib,Karim, used
Jahin,Barua, used
Mahirul,Ghosh, used
Mahi,Sarker, used
Shadab,Islam, used
Tuhin,Barua, used
Zayan,Alam, used
Taif,Chowdhury, used
Miraz,Mia, used
Subho,Das, used
Shuvo,Sheikh, used
Nazmus,Das, used
Jahid,Chowdhury, used
Zubair,Barua, used
Minhaz,Ghosh, used
Shuvo,Ghosh, used
Arif,Islam, used
Akash,Das, used
Fardin,Barua, used
Sumon,Chowdhury, used
Hamza,Talukder, used
Tuhin,Biswas, used
Zidan,Ghosh, used
Araf,Mondol, used
Shakil,Ahmed, used
Jahid,Karim, used
Ebrahim,Mondol, used
Azfar,Khan, used
Limon,Sheikh, used
Mahin,Chowdhury, used
Parvez,Talukder, used
Nuhash,Bhuiyan, used
Sadi,Das, used
Azfar,Chowdhury, used
Mamun,Sarker, used
Ruman,Alam, used
Siam,Talukder, used
Rayan,Mondol, used
Azim,Hossain, used
Morsalin,Sarker, used
Hasib,Das, used
Fardin,Das, used
Nafiz,Bhuiyan, used
Jubair,Khan, used
Murtaza,Bhuiyan, used
Arko,Alam, used
Mizan,Kabir, used
Sulaiman,Biswas, used
Jubayer,Ahmed, used
Raiyum,Karim, used
Morsalin,Rahman, used
Rakin,Rahman, used
Sadik,Rahman, used
Azfar,Sheikh, used
Mahmud,Chowdhury, used
Samin,Khan, used
Zohair,Hossain, used
Arif,Ghosh, used
Samiul,Mondol, used
Zubair,Islam, used
Rakeeb,Das, used
Mahdee,Ghosh, used
Abeer,Bhuiyan, used
Mushfiq,Khan, used
Ashik,Sheikh, used
Foysal,Sheikh, used
Nawar,Islam, used
Saquib,Mia, used
Shajid,Karim, used
Hossain,Barua, used
Sami,Rahman, used
Jubayed,Sheikh, used
Tamzid,Sarker, used
Raju,Islam, used
Tawseef,Talukder, used
Ayon,Rahman, used
Tanzeem,Karim, used
Salman,Bhuiyan, used
Zayan,Majumder, used
Mizan,Chowdhury, used
Imtiaz,Sarker, used
Shahadat,Majumder, used
Riazur,Bhuiyan, used
Naeem,Ghosh, used
Raiyum,Das, used
Nahid,Karim, used
Tazwar,Ahmed, used
Hridoy,Sheikh, used
Tuhin,Sarker, used
Jubayed,Sarker, used
Iftekhar,Biswas, used
Tawhidul,Sheikh, used
Sulaiman,Barua, used
Akash,Chowdhury, used
Samiul,Hossain, used
Tuhin,Das, used
Tahsin,Sarker, used
Nawar,Das, used
Haider,Biswas, used
Sazid,Islam, used
Himu,Mia, used
Araf,Alam, used
Limon,Alam, used
Shanto,Mondol, used
Arzan,Khan, used
Saeem,Sheikh, used
Shuvo,Hossain, used
Tonmoy,Bhuiyan, used
Ayon,Talukder, used
Nahid,Rahman, used
Adib,Mondol, used
Mahmud,Majumder, used
Shanto,Islam, used
Anik,Karim, used
Shadman,Talukder, used
Sayeed,Chowdhury, used
Hamza,Hossain, used
Ashik,Mia, used
Jubayer,Biswas, used
Jahid,Bhuiyan, used
Raiyum,Rahman, used
Raju,Sarker, used
Rahat,Sheikh, used
Tawsin,Islam, used
Zohair,Talukder, used
Saminul,Barua, used
Rehan,Biswas, used
Jibon,Islam, used
Abdul,Mia, used
Shahadat,Das, used
Saminur,Biswas, used
Reza,Mondol, used
Riad,Bhuiyan, used
Badhon,Mia, used
Subho,Khan, used
Shafin,Biswas, used
Rakeeb,Mia, used
Mushfiq,Chowdhury, used
Minhaz,Talukder, used
Mahedi,Ahmed, used
Raju,Karim, used
Arafat,Das, used
Rifat,Chowdhury, used
Sharif,Ahmed, used
Saklain,Sheikh, used
Shanto,Mia, used
Ayaz,Kabir, used
Rahat,Bhuiyan, used
Tanzil,Rahman, used
Tashfique,Karim, used
Sakib,Sheikh, used
Touhid,Kabir, used
Tawsin,Mia, used
Sakib,Mondol, used
Tamzid,Chowdhury, used
Tanjim,Ahmed, used
Nabil,Mondol, used
Raihan,Barua, used
Farid,Talukder, used
Biplob,Ahmed, used
Eshan,Biswas, used
Sakib,Hossain, used
Tanvir,Ghosh, used
Rumman,Chowdhury, used
Naim,Ghosh, used
Nawaz,Rahman, used
Nawar,Barua, used
Rahat,Majumder, used
Mahirul,Alam, used
Shadman,Islam, used
Zidan,Ahmed, used
Salman,Ghosh, used
Nahid,Bhuiyan, used
Imtiaz,Islam, used
Zidan,Chowdhury, used
Rabbi,Ghosh, used
Fahim,Sheikh, used
Rayan,Sarker, used
Tanzil,Mia, used
Kamal,Islam, used
Tahsin,Ghosh, used
Shahin,Hossain, used
Riazur,Ahmed, used
Niloy,Sheikh, used
Abdul,Hossain, used
Rakin,Kabir, used
Zayn,Majumder, used
Akib,Das, used
Jibon,Das, used
Rahat,Chowdhury, used
Niloy,Mia, used
Rakeeb,Sheikh, used
Moazzem,Islam, used
Arko,Barua, used
Azim,Sarker, used
Biplob,Barua, used
Fahim,Alam, used
Tafsir,Sarker, used
Musharraf,Chowdhury, used
Riazur,Talukder, used
Naeem,Alam, used
Shafin,Sheikh, used
Nawar,Sarker, used
Imtiaz,Karim, used
Salman,Mondol, used
Rahat,Talukder, used
Mahi,Alam, used
Akib,Majumder, used
Niloy,Barua, used
Kawsar,Rahman, used
Jibon,Sarker, used
Sameer,Sheikh, used
Masum,Biswas, used
Sameer,Majumder, used
Naim,Khan, used
Nawar,Talukder, used
Rakib,Barua, used
Limon,Khan, used
Zahid,Biswas, used
Tazwar,Alam, used
Tanvir,Chowdhury, used
Mazhar,Karim, used
Jubayed,Mondol, used
Badhon,Karim, used
Tanzil,Biswas, used
Eshan,Mondol, used
Emon,Ahmed, used
Sohan,Chowdhury, used
Sulaiman,Alam, used
Tazwar,Khan, used
Emon,Mia, used
Arif,Biswas, used
Nasif,Ghosh, used
Shams,Karim, used
Saad,Hossain, used
Sazid,Biswas, used
Shahadat,Bhuiyan, used
Raju,Chowdhury, used
Haseeb,Talukder, used
Shahadat,Khan, used
Jahin,Ahmed, used
Iftekhar,Rahman, used
Shahariar,Biswas, used
Samiul,Barua, used
used, used
Sazid,Ghosh, used
Sohan,Biswas, used
Sami,Karim, used
Arham,Biswas, used
Nawaz,Majumder, used
Anik,Alam, used
Saeem,Chowdhury, used
Mahmud,Islam, used
Masum,Barua, used
Saeem,Ghosh, used
Saad,Mia, used
Reza,Ahmed, used
Hasib,Sarker, used
Ruman,Bhuiyan, used
Rakin,Alam, used
Masum,Kabir, used
Shakil,Hossain, used
Nafiz,Chowdhury, used
Hridoy,Mia, used
Arham,Majumder, used
Mahirul,Sheikh, used
Shahinur,Chowdhury, used
Tonmoy,Khan, used
Shamim,Mia, used
Moazzem,Talukder, used
Adib,Biswas, used
Samin,Sarker, used
Sohan,Alam, used
Iftekhar,Sarker, used
Abid,Talukder, used
Morsalin,Biswas, used
Nuhash,Karim, used
Tafsir,Biswas, used
Rayhan,Majumder, used
Tawhid,Islam, used
Tamim,Mondol, used
Sadik,Kabir, used
Saeem,Hossain, used
Alamin,Mia, used
Rifat,Khan, used
Fahim,Das, used
Tuhin,Chowdhury, used
Zidan,Sarker, used
Imran,Rahman, used
Rumman,Sarker, used
Rabbi,Majumder, used
Ashfaq,Mia, used
Nuhash,Sarker, used
Shafin,Majumder, used
Sarwar,Majumder, used
Miraz,Barua, used
Murtaza,Biswas, used
Raiyum,Kabir, used
Belal,Alam, used
Musharraf,Mondol, used
Tawseef,Islam, used
Siam,Hossain, used
Imran,Talukder, used
Sayeed,Khan, used
Arman,Das, used
Tuhin,Karim, used
Zahid,Ahmed, used
Rumman,Sheikh, used
Shahariar,Ahmed, used
Salman,Mondol, used
Nazim,Mondol, used
Rehan,Barua, used
Adib,Rahman, used
Naim,Bhuiyan, used
Rahat,Das, used
Masum,Majumder, used
Sazid,Karim, used
Alamin,Hossain, used
Mahdee,Mia, used
Anas,Bhuiyan, used
Hasan,Rahman, used
Rifat,Biswas, used
Saminul,Talukder, used
Anik,Biswas, used
Foysal,Mondol, used
Shahriar,Islam, used
Mamun,Mia, used
Naeem,Hossain, used
Alamin,Sarker, used
Iftekhar,Majumder, used
Shafin,Chowdhury, used
Adnan,Das, used
Nahiyan,Mondol, used
Abdul,Chowdhury, used
Sarwar,Karim, used
Akash,Mia, used
Abdul,Das, used
Jubayer,Mia, used
Mahmud,Biswas, used
Tamim,Kabir, used
Arman,Sarker, used
Samiul,Khan
Noyon,Barua
Fardin,Hossain
Kamal,Das
Salman,Kabir
Riaz,Kabir
Arzan,Bhuiyan
Jubair,Karim
Farid,Biswas
Arzan,Talukder
Tanzil,Islam
Tanzeem,Barua
Riazur,Das
Mamun,Islam
Naimul,Mondol
Shamim,Das
Salman,Chowdhury
Wahid,Islam
Nuhash,Ahmed
Rakin,Khan
Mahedi,Mia
Tanzeem,Islam
Arman,Majumder
Zihad,Bhuiyan
Wahid,Ahmed
Iftekhar,Kabir
Morsalin,Karim
Tashfique,Kabir
Jibon,Rahman
Tawsin,Bhuiyan
Arman,Ahmed
Mizan,Talukder
Nahid,Kabir
Saquib,Barua
Naimul,Ghosh
Fardin,Mia
Riaz,Chowdhury
Nawaz,Alam
Nashit,Khan
Nafiz,Sarker
Biplob,Majumder
Mahedi,Alam
Rayan,Ahmed
Siam,Alam
Tawhidul,Karim
Mahedi,Bhuiyan
Abdul,Karim
Zayn,Talukder
Shaon,Barua
Saklain,Hossain
Mahmud,Khan
Shafin,Hossain
Hridoy,Ahmed
Arsal,Mia
Morsalin,Sheikh
Tanjim,Barua
Saquib,Talukder
Shakil,Khan
Arham,Khan
Salman,Mia
Murtaza,Kabir
Rakin,Majumder
Siam,Mia
Tawhid,Das
Faiyaz,Islam
Azmain,Mia
Shaquil,Talukder
Rehan,Sarker
Nafiz,Kabir
Saikat,Mondol
Shafin,Das
Biplob,Das
Tamzid,Alam
Zohair,Mia
Shanto,Biswas
Kashif,Hossain
Moazzem,Kabir
Morsalin,Alam
Mazhar,Kabir
Shakil,Ghosh
Wahid,Bhuiyan
Arham,Mondol
Shaquil,Kabir
Eshan,Karim
Emon,Das
Foysal,Hossain
Himu,Alam
Sarwar,Islam
Shahariar,Khan
Abdul,Ghosh
Azmain,Rahman
Jibon,Talukder
Shadab,Ahmed
Badhon,Hossain
Rubel,Mondol
Saminur,Khan
Raiyum,Bhuiyan
Rahi,Chowdhury
Ashik,Khan
Nazim,Islam
Mahdee,Hossain
Ayaz,Alam
Naim,Karim
Rakeeb,Islam
Shahinur,Talukder
Rokon,Sheikh
Jahin,Majumder
Nasif,Chowdhury
Tanvir,Hossain
Jubair,Islam
Tanzeem,Majumder
Akib,Rahman
Nahiyan,Biswas
Anas,Sarker
Rumman,Hossain
Shahariar,Mia
Mazhar,Sarker
Murtaza,Mondol
Rifat,Ahmed
Riazur,Sarker
Jubair,Ghosh
Hridoy,Rahman
Shahriar,Sarker
Riad,Barua
Azmain,Kabir
Araf,Barua
Shams,Ahmed
Shahin,Rahman
Limon,Karim
Rakibul,Chowdhury
Saif,Alam
Shahadat,Islam
Tawhidul,Mia
Naeem,Das
Hridoy,Sarker
Raiyum,Sarker
Haider,Sarker
Raihan,Sarker
Rashed,Rahman
Mahi,Bhuiyan
Nazmus,Rahman
Mamun,Hossain
Tawseef,Bhuiyan
Saminul,Khan
Moazzem,Das
Adil,Khan
Tanzil,Bhuiyan
Salman,Ahmed
Arham,Ahmed
Noyon,Biswas
Mizan,Karim
Sayeed,Bhuiyan
Akash,Majumder
Tahsin,Alam
Parvez,Bhuiyan
Araf,Kabir
Shuvo,Kabir
Shuvo,Islam
Noyon,Sheikh
Raju,Khan
Shadab,Mia
Taif,Ghosh
Arafat,Hossain
Reza,Barua
Rehan,Mia
Riaz,Mia
Ashfaq,Hossain
Biplob,Biswas
Tanzeem,Kabir
Alamin,Barua
Haseeb,Ghosh
Mushfiq,Kabir
Minhaz,Sheikh
Rakib,Ghosh
Mamun,Talukder
Salman,Biswas
Zubair,Ahmed
Shanto,Das
Akib,Mia
Elham,Hossain
Shuvo,Khan
Shadman,Ahmed
Nawaz,Mondol
Saquib,Ahmed
Foysal,Kabir
Adib,Sheikh
Mahirul,Islam
Sami,Alam
Noyon,Kabir
Iftekhar,Bhuiyan
Adnan,Rahman
Anas,Mia
Rubel,Talukder
Rayan,Sheikh
Sazid,Chowdhury
Haider,Chowdhury
Mizan,Das
Tawhidul,Rahman
Ashik,Kabir
Moazzem,Hossain
Nasif,Mondol
Ebrahim,Alam
Azim,Bhuiyan
Nahid,Sheikh
Haseeb,Mia
Miraz,Mondol
Rahat,Mia
Akib,Chowdhury
Zahid,Ghosh
Arif,Ahmed
Rokon,Khan
Rubayet,Biswas
Zohair,Barua
Farid,Khan
Rashed,Khan
Nazmul,Mondol
Ayaz,Chowdhury
Azfar,Ghosh
Shakil,Sarker
Rakin,Hossain
Mazhar,Islam
Nahiyan,Barua
Tanjim,Das
Rokon,Ahmed
Iftekhar,Das
Mizan,Sheikh
Abdul,Majumder
Raju,Rahman
Jahid,Hossain
Sadi,Ghosh
Arko,Talukder
Arif,Das
Alamin,Bhuiyan
Rayhan,Chowdhury
Saklain,Rahman
Maruf,Alam
Tamzid,Kabir
Rumman,Islam
Faiyaz,Mondol
Emon,Chowdhury
Imran,Mia
Afnan,Majumder
Ebrahim,Islam
Ayon,Das
Rayhan,Kabir
Kawsar,Hossain
Reza,Majumder
Riad,Islam
Mahir,Rahman
Rakib,Majumder
Shamim,Chowdhury
Imtiaz,Bhuiyan
Wasif,Biswas
Shahriar,Ahmed
Mahmud,Sarker
Taif,Alam
Saklain,Mondol
Moazzem,Majumder
Tawhid,Talukder
Tamzid,Karim
Mamun,Mondol
Shahin,Mia
Shadman,Rahman
Mahirul,Khan
Rayan,Rahman
Alamin,Sheikh
Tanzeem,Hossain
Tanjim,Biswas
Saad,Mondol
Tamim,Ghosh
Adil,Das
Musharraf,Ahmed
Jahin,Talukder
Tawseef,Hossain
Mahir,Biswas
Sohan,Mondol
Abid,Islam
Tashfique,Khan
Asgar,Biswas
Zayn,Hossain
Nazmus,Islam
Nashit,Mondol
Shahriar,Das
Azmain,Ahmed
Tawsif,Ahmed
Rahi,Talukder
Shadman,Majumder
Adnan,Ghosh
Mahdee,Bhuiyan
Adnan,Bhuiyan
Hossain,Islam
Shafin,Khan
Murtaza,Talukder
Saikat,Khan
Parvez,Majumder
Tamim,Khan
Saquib,Karim
Tafsir,Ghosh
Mahedi,Karim
Tanzeem,Alam
Abdul,Sheikh
Tashfique,Chowdhury
Maruf,Khan
Anik,Sarker
Sumon,Sheikh
Zohair,Ahmed
Shaon,Hossain
Masum,Mia
Nawaz,Karim
Tawsif,Khan
Zayan,Mondol
Ashik,Ahmed
Rabbi,Bhuiyan
Rayhan,Rahman
Eshan,Chowdhury
Emon,Talukder
Asif,Khan
Nahiyan,Talukder
Anas,Das
Noyon,Khan
Shaquil,Mia
Zayan,Kabir
Naimul,Bhuiyan
Nawar,Hossain
Reza,Hossain
Jubair,Talukder
Fahim,Biswas
Shahariar,Sarker
Zayan,Khan
Ebrahim,Khan
Nasif,Biswas
Rayan,Hossain
Shajid,Biswas
Adib,Sarker
Imtiaz,Talukder
Emon,Bhuiyan
Adnan,Mondol
Saad,Talukder
Sadik,Hossain
Biplob,Alam
Rubayet,Bhuiyan
Rifat,Kabir
Shadab,Alam
Jubayed,Mia
Hamza,Mondol
Araf,Islam
Nuhash,Talukder
Parvez,Barua
Asgar,Karim
Hridoy,Majumder
Ayaz,Bhuiyan
Elham,Mondol
Shahbaz,Talukder
Arsal,Talukder
Sami,Khan
Sakib,Mia
Samiul,Rahman
Morsalin,Mia
Azfar,Alam
Shams,Majumder
Iftekhar,Karim
Ayon,Bhuiyan
Shaon,Chowdhury
Riazur,Rahman
Shajid,Hossain
Emon,Majumder
Abid,Barua
Asgar,Alam
Nazmus,Hossain
Kashif,Das
Ashfaq,Bhuiyan
Shahbaz,Khan
Shahinur,Mondol
Tawhidul,Das
Saif,Bhuiyan
Rakib,Alam
Subho,Islam
Tanjim,Islam
Adib,Hossain
Mahmud,Ghosh
Tanzil,Sarker
Haseeb,Sarker
Anik,Bhuiyan
Rakibul,Mondol
Sazid,Hossain
Miraz,Ahmed
Saad,Barua
Shahadat,Mia
Eshraq,Khan
Hossain,Alam
Ruman,Khan
Rashed,Das
Nabil,Chowdhury
Nahiyan,Hossain
Farid,Majumder
Naeem,Barua
Adnan,Khan
Afnan,Bhuiyan
Shahin,Barua
Saif,Das
Nafiz,Biswas
Sayeed,Rahman
Arsal,Islam
Ruman,Chowdhury
Sumon,Kabir
Shaquil,Biswas
Nahid,Islam
Mahedi,Rahman
Rakin,Barua
Subho,Ghosh
Mamun,Bhuiyan
Shadman,Hossain
Touhid,Ahmed
Naim,Majumder
Asgar,Talukder
Mahi,Khan
Samin,Mondol
Afnan,Mia
Sazid,Mondol
Sohan,Kabir
Siam,Kabir
Shafin,Islam
Reza,Alam
Saad,Sheikh
Rakib,Chowdhury
Adnan,Mia
Minhaz,Rahman
Azim,Alam
Taif,Bhuiyan
Riad,Sarker
Eshan,Hossain
Rayan,Barua
Wasif,Sarker
Arzan,Das
Tonmoy,Barua
Ebrahim,Karim
Sarwar,Alam
Maruf,Sheikh
Rayhan,Das
Niloy,Chowdhury
Rashed,Sarker
Eshan,Bhuiyan
Mushfiq,Hossain
Nazmus,Bhuiyan
Rifat,Karim
Asif,Rahman
Mahirul,Chowdhury
Limon,Mia
Rubayet,Hossain
Saquib,Sarker
Niloy,Alam
Adib,Chowdhury
Niloy,Ghosh
Sami,Chowdhury
Tamzid,Khan
Sameer,Talukder
Musharraf,Hossain
Wasif,Mia
Tamzid,Talukder
Afnan,Ghosh
Ismail,Rahman
Mahmud,Talukder
Nahid,Mia
Jahin,Khan
Tawhid,Barua
Tawhid,Majumder
Tanvir,Majumder
Rifat,Mia
Rahat,Kabir
Saminur,Majumder
Hamza,Sheikh
Masum,Hossain
Sami,Sheikh
Tawsif,Bhuiyan
Rashed,Barua
Anik,Hossain
Riaz,Ahmed
Shamim,Barua
Raju,Ahmed
Kashif,Talukder
Imran,Barua
Nazmus,Kabir
Sarwar,Kabir
Foysal,Chowdhury
Wasif,Ahmed
Naim,Kabir
Minhaz,Ahmed
Arzan,Biswas
Abid,Mondol
Mahin,Ahmed
Tashfique,Hossain
Farid,Ghosh
Nazmus,Khan
Shaon,Kabir
Arman,Karim
Nabil,Barua
Shadman,Barua
Jibon,Chowdhury
Salman,Hossain
Salman,Biswas
Arsal,Karim
Abeer,Islam
Asgar,Barua
Shahadat,Sarker
Hossain,Sheikh
Salman,Karim
Rayan,Ghosh
Ashik,Barua
Arman,Hossain
Zihad,Sarker
Abeer,Majumder
Sumon,Mondol
Jubayer,Karim
Hasib,Biswas
Tonmoy,Ghosh
Sumon,Majumder
Tamzid,Mondol
Ruman,Islam
Hridoy,Khan
Arafat,Karim
Zidan,Biswas
Sakib,Ghosh
Tawhid,Bhuiyan
Ashfaq,Alam
Hamza,Rahman
Saif,Sheikh
Nashit,Alam
Sumon,Mia
Shamim,Sarker
Shahinur,Islam
Arafat,Islam
Ayaz,Talukder
Asgar,Mia
Zihad,Barua
Saikat,Sheikh
Shadab,Das
Afnan,Chowdhury
Jubair,Majumder
Masum,Rahman
Abeer,Ghosh
Tawhid,Mondol
Saikat,Islam
Shahadat,Barua
Naim,Das
Tanjim,Majumder
Mushfiq,Majumder
Tawhidul,Talukder
Adnan,Barua
Sami,Ghosh
Alamin,Ghosh
Tawhidul,Alam
Farid,Rahman
Tamzid,Bhuiyan
Jubayer,Majumder
Tahsin,Talukder
Nazmus,Talukder
Murtaza,Barua
Tuhin,Talukder
Sulaiman,Mondol
Tawhid,Kabir
Sakib,Bhuiyan
Kawsar,Chowdhury
Sameer,Bhuiyan
Saklain,Bhuiyan
Rashed,Ahmed
Rakeeb,Mondol
Saad,Rahman
Tawhid,Alam
Faiyaz,Ahmed
Saad,Ahmed
Mahdee,Sheikh
Fardin,Islam
Samin,Alam
Miraz,Sarker
Maruf,Mia
Azfar,Majumder
Ayon,Karim
Zayan,Talukder
Tawseef,Chowdhury
Arko,Mia
Shaon,Islam
Rashed,Ghosh
Naimul,Das
Nuhash,Kabir
Samin,Hossain
Siam,Ahmed
Sadik,Khan
Rahat,Alam
Afnan,Biswas
Arko,Islam
Sameer,Rahman
Rahi,Hossain
Morsalin,Chowdhury
Tamim,Karim
Shahariar,Talukder
Imtiaz,Majumder
Azim,Mia
Adib,Khan
Mazhar,Hossain
Ashik,Islam
Mazhar,Ghosh
Zayan,Hossain
Rakin,Islam
Sami,Das
Sazid,Kabir
Mahmud,Barua
Zubair,Rahman
Moazzem,Chowdhury
Shahed,Das
Belal,Mondol
Elham,Islam
Jubayed,Das
Rahi,Islam
Jahid,Kabir
Anas,Talukder
Shahed,Majumder
Mazhar,Talukder
Arzan,Ghosh
Adil,Karim
Elham,Barua
Tanzeem,Das
Hasib,Hossain
Azim,Chowdhury
Taif,Mia
Shahin,Karim
Anik,Mondol
Shakil,Das
Taif,Majumder
Tanvir,Sheikh
Jubayer,Sarker
Nashit,Biswas
Ismail,Biswas
Sarwar,Chowdhury
Nawar,Ghosh
Rabbi,Alam
Jahin,Alam
Eshan,Mia
Ayaz,Khan
Faiyaz,Mia
Sadik,Sarker
Adil,Chowdhury
Tanzil,Karim
Shakil,Barua
Iftekhar,Mia
Murtaza,Alam
Abeer,Kabir
Azmain,Talukder
Rayhan,Biswas
Mahi,Hossain
Rubayet,Mia
Taif,Karim
Zidan,Das
Elham,Majumder
Shahriar,Ghosh
Sayeed,Sheikh
Mahir,Karim
Tawseef,Sarker
Jubayed,Biswas
Iftekhar,Alam
Shahariar,Bhuiyan
Asif,Alam
Subho,Rahman
Iftekhar,Chowdhury
Niloy,Rahman
Tanzil,Alam
Nazmus,Alam
Shahriar,Khan
Nashit,Kabir
Saif,Barua
Miraz,Hossain
Mahir,Hossain
Rumman,Bhuiyan
Rashed,Mondol
Tashfique,Das
Hasib,Ahmed
Tanvir,Barua
Azfar,Kabir
Saminur,Ahmed
Saminul,Hossain
Kashif,Karim
Sohan,Karim
Tanjim,Talukder
Asif,Sarker
Taif,Hossain
Tanzeem,Mia
Samiul,Ahmed
Saklain,Barua
Arsal,Das
Rahat,Hossain
Shuvo,Chowdhury
Samin,Das
Azmain,Sheikh
Sumon,Hossain
Masum,Karim
Tanzil,Mondol
Rakibul,Mia
Nasif,Talukder
Maruf,Ahmed
Rayhan,Hossain
Siam,Karim
Shahin,Ghosh
Mahirul,Hossain
Nawar,Sheikh
Sami,Sarker
Ashfaq,Sheikh
Ismail,Karim
Nashit,Sarker
Mahi,Ghosh
Shahinur,Hossain
Tanvir,Khan
Shakil,Islam
Nahiyan,Islam
Foysal,Ahmed
Tanzeem,Sheikh
Touhid,Ghosh
Eshraq,Barua
Raju,Majumder
Riazur,Khan
Belal,Das
Zahid,Majumder
Belal,Islam
Tawsif,Mondol
Nabil,Hossain
Shamim,Islam
Rakin,Mia
Riazur,Chowdhury
Anik,Ahmed
Tafsir,Hossain
Anas,Chowdhury
Emon,Alam
Kawsar,Majumder
Arafat,Rahman
Naim,Alam
Ashfaq,Biswas
Rakeeb,Bhuiyan
Tawsin,Das
Tawsif,Rahman
Arman,Kabir
Alamin,Kabir
Jahid,Sarker
Sameer,Mia
Sakib,Rahman
Salman,Mia
Shafin,Rahman
Jahid,Das
Shahbaz,Sarker
Akib,Karim
Nazim,Majumder
Tawhid,Rahman
Shadab,Biswas
Shamim,Sheikh
Mizan,Barua
Naeem,Chowdhury
Mizan,Khan
Eshraq,Majumder
Shadab,Chowdhury
Nahid,Khan
Haider,Hossain
Shafin,Mondol
Saeem,Mondol
Morsalin,Khan
Arsal,Alam
Saeem,Talukder
Naim,Talukder
Jubayed,Ahmed
Ashfaq,Islam
Raihan,Das
Salman,Kabir
Azim,Majumder
Araf,Sheikh
Shaon,Majumder
Rayan,Islam
Tawsif,Kabir
Nawar,Mondol
Fahim,Chowdhury
Rakib,Bhuiyan
Tuhin,Rahman
Wasif,Talukder
Raiyum,Chowdhury
Shams,Alam
Nashit,Ghosh
Zubair,Biswas
Fardin,Biswas
Nazmul,Ghosh
Sakib,Barua
Nahid,Biswas
Hamza,Sarker
Sumon,Barua
Sakib,Talukder
Sakib,Sarker
Tawhidul,Barua
Raiyum,Hossain
Arzan,Chowdhury
Tonmoy,Majumder
Shadab,Barua
Tamim,Islam
Jibon,Sheikh
Rayan,Majumder
Hossain,Das
Akib,Kabir
Sazid,Mia
Emon,Sarker
Zohair,Sarker
Shahriar,Kabir
Samin,Barua
Zidan,Alam
Shahin,Khan
Rubel,Biswas
Shadman,Mia
Asgar,Kabir
Nawar,Ahmed
Shaquil,Ghosh
Tonmoy,Das
Badhon,Alam
Jahid,Rahman
Eshan,Das
Shadab,Kabir
Faiyaz,Khan
Biplob,Ghosh
Asif,Chowdhury
Nabil,Rahman
Mahirul,Kabir
Rashed,Biswas
Haseeb,Hossain
Jibon,Hossain
Kawsar,Ahmed
Saminul,Das
Sohan,Sarker
Mahi,Rahman
Saminul,Chowdhury
Sazid,Das
Kawsar,Kabir
Rakeeb,Chowdhury
Nazmus,Sarker
Mahedi,Mondol
Kawsar,Alam
Rahat,Ghosh
Nazmus,Mondol
Naeem,Sarker
Alamin,Biswas
Tahsin,Sheikh
Nasif,Islam
Emon,Mondol
Shamim,Kabir
Masum,Sheikh
Siam,Bhuiyan
Shahed,Bhuiyan
Saklain,Chowdhury
Mahedi,Kabir
Ayon,Islam
Belal,Chowdhury
Niloy,Islam
Jahid,Majumder
Shahbaz,Das
Azim,Ghosh
Tazwar,Talukder
Emon,Khan
Kawsar,Khan
Murtaza,Ghosh
Eshan,Islam
Tawseef,Mondol
Nabil,Islam
Parvez,Islam
Adnan,Talukder
Shams,Islam
used
Sarwar,Hossain
Akash,Islam
Saklain,Islam
Farid,Alam
Nazmus,Biswas
Himu,Bhuiyan
Tahsin,Bhuiyan
Badhon,Sheikh
Kashif,Sarker
Naeem,Biswas
Nazmul,Barua
Zihad,Hossain
Shams,Khan
Shakil,Karim
Mahin,Karim
Kawsar,Sarker
Arzan,Mia
Nazmus,Barua
Tuhin,Majumder
Reza,Khan
Tamzid,Hossain
Salman,Das
Tuhin,Sheikh
Azfar,Sarker
Kashif,Islam
Mahdee,Sarker
Akib,Alam
Jahid,Ahmed
Rubel,Majumder
Shajid,Sheikh
Tanzeem,Biswas
Saklain,Talukder
Rahi,Majumder
Mizan,Ghosh
Tanvir,Talukder
Rokon,Ghosh
Akib,Mondol
Tamim,Mia
Maruf,Islam
Subho,Majumder
Shanto,Hossain
Rakib,Kabir
Shahadat,Rahman
Rakeeb,Barua
Rakib,Hossain
Limon,Barua
Ayaz,Sarker
Fahim,Kabir
Himu,Rahman
Naimul,Kabir
Jubair,Rahman
Azim,Barua
Rubel,Mia
Tazwar,Mia
Ashik,Chowdhury
Shuvo,Karim
Jubair,Sarker
Mahmud,Das
Rumman,Talukder
Haider,Das
Zihad,Majumder
Imtiaz,Barua
Ruman,Ghosh
Arman,Ghosh
Naimul,Islam
Shahariar,Kabir
Badhon,Islam
Mushfiq,Rahman
Wahid,Khan
Saquib,Chowdhury
Tahsin,Islam
Nazmus,Sheikh
Abdul,Rahman
Anas,Ghosh
Nashit,Das
Mahirul,Barua
Shajid,Ahmed
Tawsif,Barua
Shahinur,Rahman
Zahid,Mondol
Riaz,Rahman
Fahim,Khan
Nazmus,Ahmed
Saminul,Sarker
Rakin,Ahmed
Limon,Talukder
Elham,Chowdhury
Naim,Islam
Zahid,Bhuiyan
Ismail,Chowdhury
Rahi,Khan
Kashif,Ahmed
Noyon,Alam
Nuhash,Rahman
Himu,Kabir
Anas,Barua
Arif,Sheikh
Nasif,Karim
Anas,Sheikh
Shajid,Rahman
Zubair,Mondol
Anik,Das
Salman,Sarker
Akash,Talukder
Saikat,Biswas
Shamim,Talukder
Zidan,Mia
Tashfique,Rahman
Shajid,Alam
Tanjim,Alam
Salman,Islam
Haseeb,Sheikh
Naeem,Mondol
Mamun,Rahman
Imtiaz,Khan
Biplob,Khan
Shakil,Chowdhury
Nazim,Chowdhury
Asgar,Bhuiyan
Faiyaz,Kabir
Asif,Das
Zidan,Rahman
Nawar,Bhuiyan
Shahinur,Majumder
Shahinur,Ghosh
Nasif,Hossain
Ruman,Mondol
Kashif,Alam
Tuhin,Mondol
Rahat,Rahman
Shafin,Barua
Shahbaz,Kabir
Sami,Barua
Ruman,Rahman
Mahirul,Majumder
Faiyaz,Barua
Imtiaz,Kabir
Moazzem,Ahmed
Tazwar,Sheikh
Shakil,Alam
Sharif,Islam
Samiul,Islam
Tawsif,Hossain
Niloy,Das
Hamza,Chowdhury
Abeer,Talukder
Miraz,Islam
Rakibul,Das
Shajid,Mia
Saeem,Barua
Sulaiman,Hossain
Sazid,Barua
Hasib,Barua
Azfar,Rahman
Zihad,Mia
Abdul,Alam
Touhid,Hossain
Sakib,Ahmed
Abeer,Karim
Asgar,Chowdhury
Akash,Hossain
Adil,Bhuiyan
Adil,Talukder
Saminul,Alam
Shaon,Mia
Tawsif,Ghosh
Belal,Majumder
Sayeed,Karim
Sazid,Ahmed
Sayeed,Sarker
Rehan,Talukder
Reza,Bhuiyan
Ruman,Karim
Saif,Karim
Abdul,Khan
Shahariar,Hossain
Saeem,Ahmed
Tonmoy,Alam
Abdul,Kabir
Belal,Ahmed
Kamal,Ghosh
Saikat,Kabir
Riad,Kabir
Nahid,Majumder
Foysal,Sarker
Shahinur,Sarker
Tawhid,Mia
Shams,Biswas
Samin,Talukder
Rayan,Khan
Shahed,Islam
Moazzem,Karim
Saquib,Kabir
Alamin,Rahman
Shuvo,Alam
Shaon,Alam
Eshan,Kabir
Biplob,Islam
Shahinur,Sheikh
Himu,Chowdhury
Sayeed,Mondol
Nawar,Khan
Zahid,Sheikh
Saif,Talukder
Faiyaz,Majumder
Kamal,Hossain
Mazhar,Majumder
Raju,Das
Mahir,Majumder
Nahid,Chowdhury
Parvez,Rahman
Murtaza,Islam
Hamza,Alam
Azmain,Mondol
Biplob,Rahman
Shajid,Bhuiyan
Tanzeem,Ahmed
Subho,Sheikh
Naeem,Rahman
Jibon,Mondol
Rabbi,Barua
Tanvir,Biswas
Mazhar,Biswas
Raju,Biswas
Ayon,Ahmed
Mahedi,Sarker
Belal,Sarker
Sarwar,Ghosh
Rokon,Mia
Sameer,Mondol
Tawsif,Majumder
Rakibul,Hossain
Samiul,Alam
Touhid,Mondol
Hridoy,Chowdhury
Eshan,Ghosh
Ruman,Sarker
Imran,Islam
Mahir,Islam
Kamal,Sheikh
Nashit,Sheikh
Shadab,Majumder
Saikat,Chowdhury
Ebrahim,Rahman
Tawsif,Sheikh
Shanto,Barua
Masum,Ghosh
Minhaz,Kabir
Naimul,Chowdhury
Sadik,Ahmed
Tashfique,Biswas
Hossain,Sarker
Samiul,Karim
Tahsin,Das
Shams,Chowdhury
Nahiyan,Ahmed
Rabbi,Biswas
Ayon,Mia
Tashfique,Majumder
Azfar,Biswas
Minhaz,Khan
Badhon,Ghosh
Limon,Bhuiyan
Rahi,Sheikh
Saeem,Kabir
Saikat,Majumder
Nazmul,Ahmed
Raju,Kabir
Ayaz,Barua
Sharif,Rahman
Shafin,Mia
Murtaza,Karim
Musharraf,Karim
Shakil,Mia
Eshraq,Chowdhury
Rayan,Biswas
Elham,Ahmed
Wasif,Barua
Imran,Mondol
Arsal,Bhuiyan
Miraz,Khan
Sulaiman,Kabir
Nazim,Mia
Jahin,Sarker
Rokon,Rahman
Jibon,Alam
Rokon,Majumder
Faiyaz,Biswas
Saikat,Ahmed
Rabbi,Hossain
Nawaz,Sheikh
Adib,Mia
Nawaz,Hossain
Sarwar,Barua
Riad,Mia
Riazur,Ghosh
Raiyum,Majumder
Nazmul,Hossain
Faiyaz,Bhuiyan
Azmain,Das
Kashif,Majumder
Saklain,Khan
Rehan,Ghosh
Rayhan,Sarker
Tafsir,Alam
Zihad,Ghosh
Nazmul,Kabir
Abid,Chowdhury
Tafsir,Sheikh
Adnan,Biswas
Afnan,Karim
Jubayer,Hossain
Imtiaz,Biswas
Rakib,Das
Rakibul,Biswas
Tanvir,Mia
Azim,Das
Naeem,Bhuiyan
Noyon,Das
Mushfiq,Talukder
Shadab,Talukder
Sameer,Kabir
Rabbi,Rahman
Riad,Karim
Shakil,Talukder
Sohan,Hossain
Shahed,Ghosh
Biplob,Karim
Touhid,Chowdhury
Tashfique,Barua
Sadik,Sheikh
Rakibul,Barua
Samin,Ghosh
Rifat,Majumder
Abid,Khan
Nafiz,Sheikh
Arham,Sarker
Tamim,Barua
Ebrahim,Ahmed
Mahirul,Sarker
Eshraq,Mia
Abid,Bhuiyan
Saquib,Ghosh
Sakib,Alam
Arzan,Islam
Mahir,Chowdhury
Nawaz,Chowdhury
Sharif,Kabir
Rakeeb,Majumder
Zubair,Sarker
Tahsin,Kabir
Arsal,Hossain
Shahriar,Sheikh
Arsal,Mondol
Shuvo,Sarker
Shahriar,Talukder
Zidan,Islam
Badhon,Ahmed
Jibon,Biswas
Afnan,Hossain
Jubair,Chowdhury
Akib,Talukder
Tanzeem,Rahman
Tafsir,Mondol
Ebrahim,Kabir
Tafsir,Kabir
Shadab,Bhuiyan
Sadik,Chowdhury
Shahed,Mondol
Jubayed,Alam
Shahbaz,Mondol
Naim,Sarker
Arzan,Majumder
Mamun,Sheikh
Wasif,Mondol
Moazzem,Ghosh
Rakib,Khan
Moazzem,Mondol
Imran,Majumder
Alamin,Islam
Miraz,Ghosh
Mahir,Mia
Siam,Sheikh
Sharif,Chowdhury
Zubair,Khan
Mahirul,Talukder
Hasib,Khan
Mazhar,Alam
Mamun,Kabir
Niloy,Mondol
Tazwar,Das
Adnan,Sarker
Tanzeem,Bhuiyan
Riad,Ghosh
Subho,Biswas
Arsal,Sheikh
Arsal,Biswas
Nuhash,Hossain
Afnan,Alam
Rubayet,Sarker
Nawar,Chowdhury
Ashik,Hossain
Tonmoy,Rahman
Anik,Kabir
Afnan,Kabir
Nawar,Majumder
Foysal,Ghosh
Zahid,Rahman
Elham,Bhuiyan
Rokon,Hossain
Mahir,Khan
Imran,Das
Murtaza,Chowdhury
Saif,Majumder
Rashed,Kabir
Jubayer,Rahman
Zayn,Rahman
Arsal,Chowdhury
Arzan,Alam
Tamim,Majumder
Wahid,Majumder
Masum,Khan
Shafin,Alam
Belal,Bhuiyan
Ismail,Alam
Nazmul,Rahman
Emon,Rahman
Rakeeb,Talukder
Samiul,Biswas
Riad,Chowdhury
Tanvir,Bhuiyan
Shamim,Rahman
Jahid,Talukder
Saminur,Alam
Subho,Ahmed
Riad,Biswas
Wahid,Barua
Rashed,Islam
Wahid,Kabir
Shahariar,Karim
Mushfiq,Das
Wahid,Karim
Shahariar,Mondol
Shahin,Mondol
Taif,Mondol
Sazid,Rahman
Limon,Islam
Tawhid,Chowdhury
Saikat,Sarker
Tonmoy,Mia
Hamza,Das
Wasif,Khan
Mamun,Ahmed
Rahi,Karim
Hossain,Ghosh
Nafiz,Rahman
Shahed,Barua
Tanzeem,Sarker
Azim,Islam
Niloy,Hossain
Nahid,Ghosh
Tawhidul,Islam
Sumon,Rahman
Zihad,Alam
Shadman,Biswas
Shanto,Sarker
Saminur,Rahman
Himu,Sarker
Sadi,Alam
Mahdee,Alam
Saklain,Ghosh
Sohan,Sheikh
Noyon,Talukder
Limon,Biswas
Samiul,Majumder
Mazhar,Mia
Musharraf,Khan
Saquib,Rahman
Himu,Sheikh
Touhid,Islam
Abeer,Rahman
Rubel,Ahmed
Sadik,Bhuiyan
Rubel,Das
Shajid,Mondol
Asgar,Rahman
Imran,Ghosh
Ayaz,Biswas
Saif,Kabir
Shahbaz,Sheikh
Nuhash,Chowdhury
Sadi,Mondol
Nahiyan,Sarker
Anik,Barua
Emon,Karim
Hasib,Ghosh
Shaquil,Bhuiyan
Anas,Khan
Mahin,Bhuiyan
Sadik,Das
Jubayed,Khan
Kawsar,Sheikh
Saminul,Mondol
Saminur,Das
Tanjim,Bhuiyan
Shahed,Sheikh
Masum,Talukder
Jubayer,Sheikh
Mazhar,Khan
Asif,Islam
Tahsin,Mondol
Parvez,Alam
Siam,Biswas
Ismail,Majumder
Rayan,Bhuiyan
Shahariar,Alam
Nahid,Das
Raju,Talukder
Shahinur,Ahmed
Ayaz,Ahmed
Arif,Barua
Masum,Sarker
Rayan,Chowdhury
Arafat,Mia
Sadik,Majumder
Arko,Hossain
Riaz,Islam
Saminul,Mia
Samiul,Ghosh
Parvez,Das
Mahin,Alam
Samiul,Sheikh
Zohair,Kabir
Arif,Talukder
Hossain,Mondol
Hamza,Karim
Niloy,Biswas
Nashit,Rahman
Shanto,Alam
Fardin,Kabir
Reza,Chowdhury
Akib,Islam
Saeem,Karim
Kashif,Mondol
Tamim,Hossain
Rakin,Das
Asgar,Hossain
Hasan,Kabir
Tonmoy,Sheikh
Tawhidul,Bhuiyan
Ebrahim,Das
Imran,Ahmed
Hridoy,Ghosh
Akib,Ghosh
Arman,Rahman
Wahid,Ghosh
Kawsar,Das
Sakib,Kabir
Saminur,Islam
Shahed,Chowdhury
Ashfaq,Ahmed
Sadik,Mondol
Rakibul,Sarker
Eshraq,Kabir
Tanvir,Karim
Haider,Kabir
Kashif,Sheikh
Sadi,Mia
Sameer,Ahmed
Arham,Ghosh
Raihan,Sheikh
Nazim,Ghosh
Akib,Ahmed
Araf,Bhuiyan
Tawseef,Karim
Tanzil,Barua
Touhid,Das
Tawsin,Kabir
Rifat,Sarker
Belal,Karim
Salman,Islam
Mazhar,Chowdhury
Tawsif,Karim
Sami,Mondol
Nasif,Khan
Sulaiman,Rahman
Abeer,Sarker
Haseeb,Karim
Araf,Biswas
Wahid,Biswas
Morsalin,Barua
Adib,Das
Haseeb,Alam
Shams,Barua
Tanzil,Khan
Zihad,Islam
Nazim,Sarker
Nafiz,Ahmed
Subho,Mondol
Mahmud,Rahman
Mahi,Majumder
Zohair,Khan
Parvez,Ahmed
Shams,Sarker
Eshan,Sheikh
Mahi,Kabir
Samiul,Chowdhury
Badhon,Talukder
Shahriar,Majumder
Tamim,Bhuiyan
Wasif,Karim
Sumon,Karim
Tamzid,Ahmed
Shanto,Talukder
Maruf,Hossain
Miraz,Sheikh
Tashfique,Alam
Jubair,Sheikh
Mahin,Das
Nahiyan,Alam
Adil,Hossain
Shahinur,Mia
Tamzid,Barua
Zayan,Das
Raju,Barua
Arsal,Sarker
Tawhidul,Biswas
Hamza,Mia
Shajid,Islam
Saminul,Biswas
Siam,Majumder
Jibon,Kabir
Siam,Mondol
Hossain,Talukder
Saquib,Islam
Shahadat,Kabir
Maruf,Bhuiyan
Jibon,Bhuiyan
Shahed,Biswas
Jubair,Mondol
Abid,Alam
Shaon,Khan
Hasan,Sarker
Salman,Sheikh
Nahid,Ahmed
Tawsin,Rahman
Rahi,Mondol
Moazzem,Alam
Iftekhar,Ghosh
Araf,Sarker
Tawsin,Karim
Shajid,Khan
Tafsir,Das
Wasif,Hossain
Mahir,Das
Shadab,Mondol
Tamim,Ahmed
Haider,Islam
Raihan,Talukder
Shahbaz,Islam
Haseeb,Majumder
Sharif,Biswas
Adnan,Chowdhury
Wahid,Hossain
Tanjim,Sheikh
Himu,Karim
Hasib,Majumder
Foysal,Talukder
Rashed,Talukder
Jahin,Hossain
Noyon,Mia
Shanto,Khan
Arafat,Majumder
Sharif,Mondol
Ashfaq,Karim
Nawar,Kabir
Zahid,Talukder
Adib,Islam
Emon,Barua
Zubair,Sheikh
Kawsar,Mondol
Hossain,Chowdhury
Maruf,Das
Shuvo,Das
Ashfaq,Talukder
Sazid,Alam
Parvez,Khan
Haider,Talukder
Arman,Alam
Samin,Ahmed
Murtaza,Sarker
Abeer,Sheikh
Eshraq,Biswas
Taif,Biswas
Fahim,Talukder
Haseeb,Rahman
Raihan,Rahman
Mahmud,Bhuiyan
Shajid,Ghosh
Salman,Talukder
Tonmoy,Ahmed
Hasan,Ghosh
Riaz,Sheikh
Sadi,Rahman
Tafsir,Mia
Rumman,Mia
Jahin,Kabir
Saquib,Khan
Sohan,Mia
Rakeeb,Biswas
Rumman,Ghosh
Sadi,Islam
Samiul,Mia
Jahid,Biswas
Shahbaz,Ghosh
Haider,Khan
Tanzil,Das
Jahin,Sheikh
Rabbi,Das
Tahsin,Biswas
Sayeed,Das
Araf,Khan
Sameer,Biswas
Tawhidul,Ahmed
Rakeeb,Khan
Musharraf,Rahman
Rashed,Karim
Adnan,Alam
Mushfiq,Sheikh
Haseeb,Chowdhury
Arafat,Biswas
Arman,Sheikh
Raiyum,Barua
Tazwar,Chowdhury
Rayhan,Karim
Musharraf,Sheikh
Touhid,Sheikh
Nafiz,Das
Samin,Islam
Niloy,Karim
Kamal,Khan
Zayan,Mia
Shadab,Sarker
Tamzid,Sheikh
Murtaza,Majumder
Shahbaz,Barua
Adnan,Islam
Zayn,Sheikh
Hasan,Mia
Ismail,Islam
Abeer,Mia
Ashfaq,Mondol
Shamim,Hossain
Sarwar,Das
Nahiyan,Mia
Biplob,Kabir
Rahat,Khan
Shams,Ghosh
Riazur,Karim
Murtaza,Khan
Alamin,Majumder
Miraz,Rahman
Rubel,Khan
Reza,Karim
Fahim,Ghosh
Miraz,Alam
Jahin,Mia
Badhon,Majumder
Farid,Das
Saminur,Chowdhury
Mamun,Khan
Shahadat,Ahmed
Mizan,Islam
Shadab,Ghosh
Mahdee,Barua
Raju,Mia
Shahed,Ahmed
Siam,Islam
Siam,Sarker
Raiyum,Mondol
Ashik,Rahman
Mushfiq,Karim
Zubair,Kabir
Rahat,Barua
Naimul,Hossain
Tawseef,Das
Tamzid,Biswas
Saikat,Alam
Anik,Sheikh
Sadi,Sheikh
Sami,Mia
Azfar,Islam
Ismail,Sarker
Tahsin,Chowdhury
Arafat,Talukder
Arko,Majumder
Sulaiman,Chowdhury
Hossain,Bhuiyan
Shuvo,Bhuiyan
Faiyaz,Karim
Murtaza,Hossain
Himu,Talukder
Taif,Khan
Rifat,Sheikh
Nabil,Ghosh
Limon,Kabir
Tawhidul,Chowdhury
Faiyaz,Sarker
Saklain,Alam
Haider,Ahmed
Wasif,Das
Saminul,Ghosh
Tafsir,Khan
Saeem,Das
Shanto,Majumder
Sharif,Alam
Azim,Karim
Nahid,Barua
Rubayet,Barua
Nazim,Talukder
Sadik,Islam
Alamin,Talukder
Shajid,Barua
Arko,Ghosh
Ayon,Biswas
Badhon,Mondol
Tawsin,Mondol
Saad,Bhuiyan
Mahin,Islam
Belal,Ghosh
Nabil,Das
Ayon,Hossain
Shams,Bhuiyan
Raihan,Hossain
Azim,Khan
Ashik,Bhuiyan
Belal,Barua
Tonmoy,Islam
Azim,Talukder
Jahin,Biswas
Rahi,Ahmed
Shahriar,Karim
Shahed,Sarker
Rahat,Mondol
Azmain,Karim
Mahin,Mondol
Farid,Bhuiyan
Rakin,Karim
Morsalin,Talukder
Rumman,Majumder
Sumon,Talukder
Masum,Bhuiyan
Jahid,Ghosh
Hridoy,Karim
Nasif,Kabir
Rumman,Karim
Nabil,Bhuiyan
Zihad,Talukder
Zidan,Barua
Adil,Barua
Naimul,Sarker
Sulaiman,Sarker
Rakin,Talukder
Asgar,Khan
Shahariar,Sheikh
Tafsir,Barua
Rakeeb,Rahman
Zohair,Biswas
Eshraq,Talukder
Sami,Biswas
Faiyaz,Talukder
Shaon,Ghosh
Mahirul,Mondol
Shafin,Talukder
Jahin,Ghosh
Raihan,Islam
Mazhar,Sheikh
Siam,Das
Tawseef,Alam
Kamal,Sarker
Ayaz,Das
Rakeeb,Hossain
Shafin,Ghosh
Hossain,Rahman
Foysal,Bhuiyan
Rokon,Islam
Ebrahim,Barua
Jahin,Mondol
Alamin,Chowdhury
Shamim,Biswas
Shahin,Chowdhury
Nashit,Talukder
Fardin,Ghosh
Mizan,Hossain
Ismail,Ghosh
Nawaz,Ahmed
Tashfique,Sarker
Naeem,Islam
Raiyum,Alam
Arman,Talukder
Rokon,Sarker
Haseeb,Barua
Ismail,Das
Tafsir,Bhuiyan
Saad,Kabir
Rakibul,Alam
Sami,Islam
Anik,Chowdhury
Arham,Talukder
Shahadat,Ghosh
Salman,Ahmed
Sakib,Biswas
Nashit,Hossain
Saif,Sarker
Tawhid,Khan
Zayn,Biswas
Mazhar,Das
Jubayed,Bhuiyan
Jahin,Bhuiyan
Sulaiman,Mia
Tazwar,Sarker
Hossain,Majumder
Jubayed,Talukder
Zayan,Chowdhury
Hasan,Sheikh
Minhaz,Sarker
Abeer,Ahmed
Mahir,Bhuiyan
Afnan,Khan
Nahiyan,Khan
Rayhan,Mia
Rakib,Karim
Salman,Rahman
Rahat,Islam
Morsalin,Majumder
Iftekhar,Sheikh
Naim,Ahmed
Salman,Rahman
Alamin,Das
Rayhan,Islam
Raiyum,Islam
Rakib,Ahmed
Mahin,Khan
Raiyum,Ahmed
Zohair,Sheikh
Akib,Sarker
Nazmus,Karim
Asif,Mondol
Adil,Biswas
Abid,Karim
Kamal,Mondol
Sazid,Sarker
Nawaz,Barua
Taif,Ahmed
Elham,Mia
Tawhidul,Majumder
Ruman,Mia
Azim,Rahman
Haider,Ghosh
Riad,Talukder
Emon,Ghosh
Shahriar,Hossain
Zidan,Talukder
Nasif,Majumder
Reza,Sheikh
Sadi,Talukder
Rubel,Chowdhury
Zohair,Bhuiyan
Arko,Ahmed
Rayhan,Mondol
Shakil,Bhuiyan
Tonmoy,Sarker
Sayeed,Islam
Shamim,Khan
Mahi,Chowdhury
Farid,Kabir
Abdul,Mondol
Tanvir,Alam
Noyon,Majumder
Biplob,Sheikh
Shahin,Das
Hasan,Majumder
Mahdee,Mondol
Sulaiman,Talukder
Rubel,Islam
Tanzeem,Chowdhury
Mahir,Ahmed
Adil,Mondol
Niloy,Majumder
Belal,Hossain
Raihan,Khan
Zihad,Kabir
Riazur,Hossain
Nazmus,Ghosh
Noyon,Ahmed
Raihan,Chowdhury
Foysal,Islam
Arzan,Sarker
Tanvir,Rahman
Eshan,Rahman
Rakib,Sarker
Ayon,Sheikh
Sazid,Majumder
Foysal,Majumder
Nawaz,Ghosh
Rayan,Alam
Saif,Mia
Tuhin,Hossain
Arham,Kabir
Arsal,Majumder
Himu,Das
Ashik,Sarker
Tawsif,Das
Rakin,Sarker
Taif,Das
Kamal,Alam
Sharif,Karim
Maruf,Chowdhury
Faiyaz,Das
Tazwar,Mondol
Sameer,Chowdhury
Shaquil,Hossain
Fardin,Bhuiyan
Rahat,Ahmed
Mahmud,Alam
Jibon,Khan
Shahadat,Alam
Shaquil,Alam
Sami,Hossain
Nafiz,Khan
Saminul,Kabir
Rayhan,Ahmed
Sohan,Bhuiyan
Shams,Kabir
Haseeb,Ahmed
Tamim,Chowdhury
Hasan,Das
Riazur,Islam
Naim,Mia
Tashfique,Sheikh
Zidan,Bhuiyan
Zohair,Ghosh
Araf,Majumder
Sadik,Mia
Mushfiq,Ghosh
Hamza,Islam
Adib,Bhuiyan
Mushfiq,Ahmed
Haider,Bhuiyan
Afnan,Das
Hasan,Alam
Asgar,Majumder
Mahedi,Islam
Mushfiq,Barua
Arsal,Barua
Mahdee,Ahmed
Rehan,Sheikh
Arko,Chowdhury
Nashit,Barua
Sumon,Islam
Morsalin,Das
Ruman,Ahmed
Nasif,Alam
Nahid,Alam
Nahid,Hossain
Rubel,Karim
Naimul,Biswas
Moazzem,Sheikh
Ebrahim,Majumder
Hridoy,Das
Rehan,Rahman
Azmain,Biswas
Jahin,Karim
Rakibul,Talukder
Raihan,Ahmed
Sakib,Karim
Masum,Ahmed
Wahid,Alam
Anik,Rahman
Mizan,Rahman
Rifat,Alam
Tanjim,Rahman
Shahariar,Das
Ashfaq,Ghosh
Tanzil,Chowdhury
Rubel,Sheikh
Nabil,Sheikh
Rehan,Alam
Akash,Bhuiyan
Nazmus,Mia
Rakibul,Karim
Eshraq,Rahman
Shahed,Talukder
Abid,Hossain
Touhid,Barua
Mahedi,Ghosh
Saklain,Ahmed
Ebrahim,Bhuiyan
Jubayer,Khan
Shanto,Ghosh
Salman,Hossain
Shakil,Biswas
Saquib,Sheikh
Imran,Sheikh
Jubair,Mia
Afnan,Barua
Raihan,Majumder
Arham,Alam
Rashed,Hossain
Biplob,Chowdhury
Rehan,Khan
Zubair,Mia
Anik,Talukder
Asif,Sheikh
Sharif,Sheikh
Nabil,Alam
Sohan,Ghosh
Wasif,Majumder
Musharraf,Ghosh
Tahsin,Khan
Nazmul,Bhuiyan
Shadman,Mondol
Rahat,Biswas
Ayaz,Karim
Belal,Sheikh
Shahin,Kabir
Imran,Sarker
Mushfiq,Mondol
Rehan,Das
Tuhin,Ahmed
Parvez,Kabir
Asif,Biswas
Noyon,Rahman
Riazur,Mondol
Adib,Talukder
Shams,Talukder
Fahim,Rahman
Taif,Rahman
Ebrahim,Mia
Sakib,Das
Hasan,Biswas
Sharif,Hossain
Riazur,Biswas
Shaquil,Barua
Akib,Barua
Tamim,Talukder
Ayaz,Mondol
Afnan,Talukder
Mizan,Alam
Tuhin,Mia
Riazur,Sheikh
Hossain,Hossain
Rubel,Kabir
Saklain,Biswas
Tawhidul,Mondol
Sulaiman,Ghosh
Sohan,Khan
Murtaza,Rahman
Rehan,Mondol
Shamim,Majumder
Sadi,Hossain
Sharif,Majumder
Zubair,Ghosh
Zohair,Mondol
Nasif,Sheikh
Mahir,Alam
Maruf,Sarker
Arham,Bhuiyan
Sharif,Barua
Arham,Hossain
Rakin,Biswas
Zohair,Islam
Shahin,Islam
Nashit,Bhuiyan
Foysal,Barua
Arzan,Mondol
Zidan,Sheikh
Shahin,Talukder
Rashed,Mia
Mahir,Sarker
Rifat,Barua
Eshan,Ahmed
Jubair,Das
Nashit,Islam
Badhon,Sarker
Nasif,Das
Parvez,Mia
Ayon,Barua
Mahir,Barua
Hossain,Kabir
Shajid,Majumder
Mizan,Ahmed
Ayon,Majumder
Mahir,Mondol
Jubayer,Talukder
Ebrahim,Sarker
Subho,Sarker
Arafat,Mondol
Himu,Islam
Shuvo,Biswas
Belal,Talukder
Nabil,Majumder
Araf,Karim
Zahid,Mia
Arzan,Sheikh
Saklain,Mia
Touhid,Rahman
Elham,Sheikh
Shahin,Sarker
Shahadat,Talukder
Faiyaz,Ghosh
Rakeeb,Alam
Sameer,Karim
Rakibul,Khan
Minhaz,Bhuiyan
Wasif,Alam
Niloy,Kabir
Arko,Khan
Mahmud,Kabir
Wasif,Sheikh
Sadik,Karim
Sazid,Talukder
Akash,Barua
Nazmul,Talukder
Araf,Chowdhury
Saklain,Karim
Akib,Hossain
Masum,Islam
Badhon,Khan
Eshan,Majumder
Zahid,Khan
Mamun,Karim
Tahsin,Mia
Arafat,Kabir
Abeer,Mondol
Masum,Alam
Farid,Chowdhury
Rakibul,Bhuiyan
Rubayet,Khan
Kawsar,Biswas
Salman,Talukder
Ashik,Karim
Jahid,Barua
Sharif,Mia
Limon,Das
Azim,Mondol
Arman,Chowdhury
Shahed,Khan
Hasib,Rahman
Sami,Talukder
Tahsin,Majumder
Saikat,Hossain
Anik,Islam
Arsal,Khan
Hasib,Islam
Sameer,Hossain
Rayhan,Ghosh
Kashif,Mia
Tonmoy,Chowdhury
Limon,Rahman
Shadman,Das
Rakib,Mondol
Mahi,Ahmed
Tahsin,Rahman
Parvez,Biswas
Akash,Rahman
Iftekhar,Hossain
Saminur,Mondol
Afnan,Sheikh
Afnan,Ahmed
Mahin,Mia
Mushfiq,Alam
Akash,Biswas
Saif,Biswas
Parvez,Karim
Tazwar,Majumder
Jubair,Alam
Samin,Majumder
Minhaz,Alam
Shahadat,Sheikh
Shajid,Das
Samin,Mia
Rubayet,Talukder
Riaz,Khan
Badhon,Kabir
Jubair,Kabir
Sami,Kabir
Taif,Islam
Mahin,Sheikh
Arsal,Kabir
Mahmud,Karim
Mahin,Majumder
Zihad,Biswas
Raiyum,Khan
Zubair,Karim
Naim,Hossain
Nazim,Bhuiyan
Nazim,Barua
Musharraf,Barua
Nuhash,Majumder
Nawaz,Bhuiyan
Arif,Rahman
Rayan,Das
Nazim,Alam
Sharif,Khan
Mazhar,Rahman
Mizan,Mondol
Tuhin,Ghosh
Eshan,Barua
Eshraq,Sheikh
Saminur,Talukder
Anas,Mondol
Murtaza,Sheikh
Afnan,Sarker
Hasib,Alam
Jahid,Mondol
Salman,Das
Hasan,Ahmed
Sami,Bhuiyan
Hamza,Kabir
Nazmul,Khan
Maruf,Barua
Musharraf,Biswas
Shahriar,Barua
Rokon,Alam
Moazzem,Sarker
Haider,Barua
Moazzem,Bhuiyan
Shaon,Rahman
Sameer,Khan
Arko,Rahman
Shahed,Karim
Limon,Mondol
Saif,Khan
Tanzeem,Mondol
Shadman,Kabir
Abdul,Ahmed
Belal,Khan
Badhon,Bhuiyan
Arman,Biswas
Iftekhar,Khan
Moazzem,Rahman
Arham,Rahman
Wasif,Chowdhury
Tawsin,Hossain
Minhaz,Chowdhury
Tonmoy,Talukder
Morsalin,Ahmed
Riaz,Majumder
Tonmoy,Hossain
Nahiyan,Rahman
Sharif,Talukder
Saminul,Majumder
Samin,Bhuiyan
Nafiz,Mia
Ashik,Biswas
Nasif,Ahmed
Arzan,Rahman
Ismail,Talukder
Anas,Alam
Jibon,Mia
Wahid,Rahman
Nahiyan,Das
Rifat,Islam
Alamin,Mondol
Minhaz,Islam
Abid,Das
Hamza,Khan
Riaz,Sarker
Anas,Biswas
Abeer,Chowdhury
Nuhash,Biswas
Abdul,Barua
Subho,Kabir
Hasan,Islam
Sumon,Alam
Rakibul,Ghosh
Shadman,Chowdhury
Rayan,Karim
Riad,Sheikh
Minhaz,Mondol
Arafat,Alam
Zidan,Majumder
Saikat,Barua
Naimul,Karim
Nabil,Khan
Saeem,Islam
Moazzem,Biswas
Ayaz,Rahman
Jahin,Das
Elham,Kabir
Asgar,Das
Rakeeb,Sarker
Zayn,Ahmed
Shahbaz,Rahman
Ruman,Das
Shahbaz,Bhuiyan
Saeem,Khan
Raju,Sheikh
Tashfique,Mia
Kashif,Biswas
Nafiz,Majumder
Rabbi,Sheikh
Rokon,Mondol
Mahedi,Chowdhury
Sumon,Biswas
Tawhid,Sarker
Ayaz,Mia
Jubayed,Islam
Nasif,Mia
Tazwar,Rahman
Saif,Chowdhury
Tahsin,Barua
Asif,Bhuiyan
Akash,Kabir
Jibon,Ahmed
Haseeb,Islam
Fardin,Talukder
Imtiaz,Alam
Kawsar,Bhuiyan
Tamim,Sarker
Araf,Ahmed
Tanzeem,Khan
Ruman,Sheikh
Zihad,Rahman
Azmain,Ghosh
Nazim,Kabir
Belal,Mia
Sameer,Alam
Kamal,Bhuiyan
Tashfique,Bhuiyan
Saif,Islam
Mahedi,Khan
Zihad,Khan
Mahedi,Hossain
Shahriar,Bhuiyan
Zihad,Sheikh
Kamal,Mia
Nazmul,Das
Rifat,Bhuiyan
Ruman,Biswas
Fahim,Hossain
Farid,Islam
Rabbi,Mondol
Zihad,Mondol
Azfar,Bhuiyan
Saminul,Islam
Hasib,Mondol
Reza,Mia
Hridoy,Islam
Sarwar,Mondol
Nashit,Chowdhury
Mahdee,Rahman
Samiul,Sarker
Mahmud,Sheikh
Arko,Das
Tawhid,Ahmed
Hridoy,Alam
Touhid,Biswas
Alamin,Karim
Arif,Mondol
Nazim,Khan
Wasif,Ghosh
Kashif,Barua
Kashif,Chowdhury
Sakib,Majumder
Arham,Barua
Saad,Karim
Zayan,Rahman
Arafat,Sarker
Shaquil,Das
Jahid,Alam
Ismail,Mondol
Ashfaq,Barua
Reza,Rahman
Mahir,Talukder
Farid,Ahmed
Nazmul,Sheikh
Raihan,Karim
Shahriar,Rahman
Azmain,Hossain
Emon,Sheikh
Saminur,Sarker
Akash,Mondol
Rashed,Alam
Tuhin,Islam
Rakib,Islam
Akash,Karim
Abid,Biswas
Shanto,Ahmed
Noyon,Mondol
Shanto,Rahman
Riad,Alam
Shaon,Bhuiyan
Jubayer,Alam
Foysal,Rahman
Mahin,Sarker
Tawseef,Ghosh
Ashfaq,Das
Zayn,Karim
Nazim,Karim
Shams,Das
Tazwar,Barua
Sayeed,Kabir
Nafiz,Hossain
Mahirul,Bhuiyan
Mushfiq,Islam
Raihan,Alam
Tazwar,Kabir
Tanvir,Das
Tawhid,Biswas
Tamim,Das
Biplob,Sarker
Shahin,Ahmed
Rumman,Barua
Saad,Das
Miraz,Das
Sarwar,Biswas
Azim,Sheikh
Foysal,Mia
Rahi,Mia
Riazur,Majumder
Haseeb,Khan
Mahi,Mia
Mahin,Hossain
Rahi,Barua
Rehan,Kabir
Himu,Hossain
Rakibul,Islam
Nazmul,Sarker
Shaquil,Khan
Shahed,Kabir
Mahirul,Das
Mahmud,Mondol
Asgar,Islam
Anik,Ghosh
Mahirul,Ahmed
Rakeeb,Ghosh
Rumman,Alam
Naeem,Khan
Tamzid,Islam
Ashfaq,Khan
Rahi,Rahman
Asif,Mia
Shahbaz,Mia
Himu,Khan
Saeem,Alam
Anas,Kabir
Reza,Kabir
Rakeeb,Kabir
Tanzeem,Talukder
Kawsar,Ghosh
Nuhash,Alam
Arman,Bhuiyan
Zayan,Bhuiyan
Raiyum,Biswas
Riazur,Kabir
Imran,Chowdhury
Sharif,Bhuiyan
Rayhan,Alam
Touhid,Karim
Zayn,Alam
Ayon,Sarker
Jahid,Mia
Rakibul,Sheikh
Sadi,Karim
Sohan,Majumder
Sakib,Khan
Saeem,Rahman
Rahi,Kabir
Noyon,Hossain
Rakin,Chowdhury
Tawhid,Ghosh
Sumon,Ghosh
Shaon,Das
Hridoy,Mondol
Fahim,Sarker
Sazid,Bhuiyan
Ashfaq,Kabir
Nazim,Das
Jahin,Chowdhury
Miraz,Majumder
Zahid,Kabir
Imtiaz,Ghosh
Saikat,Mia
Shuvo,Mia
Arham,Chowdhury
Morsalin,Bhuiyan
Jubayer,Chowdhury
Fahim,Majumder
Tamzid,Das
Saklain,Sarker
Mazhar,Barua
Riaz,Barua
Emon,Biswas
Adil,Alam
Rakibul,Majumder
Tanzil,Sheikh
Salman,Khan
Eshraq,Das
Shahriar,Biswas
Rubayet,Ghosh
Azfar,Mia
Saminul,Rahman
Haseeb,Kabir
Nahiyan,Majumder
Saad,Khan
Anas,Islam
Shafin,Kabir
Sadi,Khan
Ayon,Ghosh
Saquib,Majumder
Mahdee,Majumder
Akib,Bhuiyan
Arman,Islam
Maruf,Mondol
Sadi,Kabir
Zohair,Chowdhury
Abdul,Bhuiyan
Tawsin,Biswas
Shakil,Majumder
Abeer,Das
Zubair,Hossain
Arham,Das
Mahdee,Chowdhury
Raju,Alam
Tafsir,Talukder
Raihan,Mondol
Jahin,Rahman
Fahim,Mondol
Rakib,Talukder
Nahiyan,Kabir
Salman,Karim
Arham,Sheikh
Nazmul,Islam
Rehan,Majumder
Saif,Mondol
Ismail,Sheikh
Ismail,Kabir
Riaz,Mondol
Ebrahim,Hossain
Mahi,Mondol
Shadman,Alam
Azmain,Barua
Reza,Ghosh
Zidan,Karim
Abdul,Sarker
Hamza,Barua
Eshraq,Ahmed
Tuhin,Khan
Tanjim,Mia
Sakib,Chowdhury
Riad,Das
Shahed,Rahman
Zubair,Das
Mushfiq,Biswas
Tawsif,Sarker
Salman,Alam
Mahdee,Khan
Akash,Sheikh
Mahi,Barua
Tashfique,Talukder
Fahim,Islam
Parvez,Sarker
Rabbi,Chowdhury
Saikat,Ghosh
Adil,Ahmed
Shamim,Mondol
Noyon,Islam
Rayhan,Barua
Tawsif,Alam
Rehan,Islam
Arafat,Chowdhury
Faiyaz,Chowdhury
Tazwar,Karim
Haider,Majumder
Nazim,Sheikh
Arsal,Ghosh
Mahdee,Das
Biplob,Hossain
Saminur,Mia
Abeer,Hossain
Minhaz,Biswas
Nazim,Hossain
Nuhash,Khan
Arif,Karim
Raiyum,Ghosh
Mahi,Karim
Haseeb,Das
Shamim,Ghosh
Iftekhar,Islam
Sadi,Biswas
Saminul,Sheikh
Nawaz,Das
Arzan,Kabir
Touhid,Sarker
Nazmul,Chowdhury
Badhon,Chowdhury
Nazmul,Majumder
Farid,Sheikh
Azmain,Chowdhury
Zohair,Majumder
Shahin,Sheikh
Fardin,Sarker
Siam,Barua
Rokon,Karim
Asgar,Mondol
Anas,Hossain
Rubayet,Kabir
Moazzem,Mia
Adil,Sarker
Foysal,Biswas
Arham,Islam
Salman,Bhuiyan
Raihan,Ghosh
Zayn,Bhuiyan
Shaquil,Ahmed
Sarwar,Sarker
Rayhan,Bhuiyan
Rifat,Hossain
Iftekhar,Barua
Nuhash,Ghosh
Kamal,Kabir
Shahinur,Biswas
Fardin,Khan
Shams,Mondol
Saif,Rahman
Mahin,Talukder
Shadab,Hossain
Arif,Chowdhury
Jubayer,Mondol
Nazim,Ahmed
Sharif,Ghosh
Arman,Mia
Rakibul,Ahmed
Naim,Mondol
Mushfiq,Bhuiyan
Saquib,Das
Arzan,Barua
Tawseef,Rahman
Parvez,Sheikh
Fardin,Sheikh
Nasif,Sarker
Niloy,Ahmed
Rakib,Sheikh
Maruf,Rahman
Mahmud,Ahmed
Haider,Mondol
Kashif,Rahman
Mazhar,Bhuiyan
Wasif,Rahman
Wahid,Mondol
Shakil,Kabir
Azfar,Ahmed
Zidan,Khan
Zayn,Sarker
Ashik,Talukder
Rahi,Biswas
Adib,Majumder
Arko,Sarker
Anik,Majumder
Imtiaz,Mia
Mamun,Barua
Musharraf,Das
Nasif,Rahman
Sakib,Islam
Haider,Sheikh
Tawsin,Chowdhury
Rubel,Ghosh
Akash,Ghosh
Shahriar,Mondol
Arafat,Khan
Maruf,Karim
Saad,Sarker
Tanzil,Majumder
Maruf,Talukder
Abid,Sheikh
Fahim,Ahmed
Mamun,Chowdhury
Subho,Karim
Fardin,Mondol
Ismail,Ahmed
Rehan,Karim
Tonmoy,Mondol
Belal,Kabir
Saminur,Ghosh
Salman,Alam
Mahir,Ghosh
Foysal,Khan
Nazim,Rahman
Sameer,Sarker
Shamim,Ahmed
Elham,Sarker
Tawsin,Majumder
Tanjim,Hossain
Farid,Karim
Adib,Kabir
Tawsin,Alam
Shaquil,Majumder
Naeem,Ahmed
Anas,Rahman
Kashif,Khan
Raju,Ghosh
Raiyum,Talukder
Hossain,Karim
Samiul,Das
Jubair,Barua
Samiul,Kabir
Sarwar,Khan
Hamza,Ghosh
Zihad,Karim
Mahdee,Biswas
Tanvir,Kabir
Hossain,Mia
Shanto,Sheikh
Mamun,Ghosh
Iftekhar,Mondol
Saklain,Kabir
Biplob,Mia
Rahi,Sarker
Riazur,Barua
Kamal,Karim
Imran,Hossain
Ebrahim,Talukder
Tamim,Rahman
Shadman,Ghosh
Shaon,Talukder
Imtiaz,Ahmed
Jibon,Majumder
Shanto,Bhuiyan
Adil,Ghosh
Ebrahim,Chowdhury
Rashed,Chowdhury
Naimul,Alam
Shams,Sheikh
Araf,Hossain
Sumon,Das
Tawsin,Khan
Azmain,Bhuiyan
Minhaz,Das
Imran,Alam
Mahirul,Karim
Azfar,Karim
Shahbaz,Karim
Elham,Khan
Ruman,Kabir
Ruman,Hossain
Afnan,Rahman
Sohan,Islam
Nawaz,Mia
Noyon,Chowdhury
Kawsar,Mia
Nafiz,Alam
Arzan,Ahmed
Saeem,Biswas
Shajid,Sarker
Mahirul,Rahman
Nawaz,Islam
Asif,Talukder
Rahat,Sarker
Fahim,Karim
Nawar,Biswas
Rahat,Karim
Elham,Talukder
Saikat,Karim
Sadik,Biswas
Zahid,Barua
Shafin,Ahmed
Eshraq,Ghosh
Riazur,Mia
Shajid,Talukder
Mahedi,Majumder
Hamza,Ahmed
Mahmud,Hossain
Shadab,Rahman
Jubayer,Islam
Tahsin,Karim
Himu,Barua
Shahinur,Kabir
Shaquil,Mondol
Sulaiman,Bhuiyan
Rubayet,Ahmed
Sohan,Barua
Kashif,Bhuiyan
Mahedi,Das
Rokon,Bhuiyan
Mahmud,Mia
Himu,Mondol
Fardin,Karim
Hasan,Hossain
Adib,Ahmed
Rashed,Bhuiyan
Mizan,Biswas
Riaz,Biswas
Tanjim,Ghosh
Shahbaz,Alam
Jahid,Khan
Nafiz,Karim
Rokon,Kabir
Tazwar,Ghosh
Zayn,Kabir
Shaquil,Karim
Araf,Rahman
Musharraf,Majumder
Nasif,Bhuiyan
Murtaza,Das
Tahsin,Hossain
Naeem,Sheikh
Elham,Ghosh
Rakibul,Kabir
Abeer,Biswas
Zubair,Alam
Tawseef,Sheikh
Tamzid,Rahman
Ayaz,Sheikh
Shadman,Sarker
Ruman,Barua
Nabil,Kabir
Sohan,Das
Nafiz,Barua
Salman,Chowdhury
Arif,Kabir
Naimul,Khan
Niloy,Talukder
Noyon,Ghosh
Jubayed,Rahman
Fardin,Rahman
Abdul,Biswas
Limon,Majumder
Fahim,Mia
Saminur,Sheikh
Nawaz,Talukder
Saminur,Bhuiyan
Masum,Chowdhury
Zubair,Majumder
Sameer,Ghosh
Rokon,Biswas
Tawsif,Chowdhury
Rayhan,Sheikh
Minhaz,Barua
Reza,Das
Nabil,Talukder
Shahinur,Karim
Subho,Hossain
Jubayed,Majumder
Hasan,Talukder
Shahriar,Mia
Nabil,Mia
Azfar,Hossain
Shahbaz,Chowdhury
Riad,Khan
Kamal,Ahmed
Ebrahim,Sheikh
Jibon,Karim
Araf,Talukder
Naim,Chowdhury
Nuhash,Das
Ismail,Hossain
Ashik,Das
Saad,Islam
Shamim,Karim
Rabbi,Karim
Rifat,Das
Tanvir,Ahmed
Shaquil,Islam
Nawaz,Biswas
Shuvo,Talukder
Musharraf,Mia
Hridoy,Talukder
Shadab,Sheikh
Sohan,Talukder
Shahbaz,Hossain
Saklain,Majumder
Fardin,Alam
Hasan,Khan
Rabbi,Mia
Nazmul,Karim
Sazid,Khan
Badhon,Rahman
Rabbi,Islam
Ashfaq,Sarker
Tawsif,Talukder
Riad,Rahman
Saeem,Mia
Abeer,Alam
Riaz,Das
Ashik,Ghosh
Tanvir,Sarker
Tazwar,Bhuiyan
Jubair,Bhuiyan
Rokon,Barua
Abeer,Barua
Musharraf,Kabir
Anas,Karim
Kamal,Majumder
Rubayet,Karim
Rahi,Bhuiyan
Ashik,Alam
Zayan,Sheikh
Zahid,Sarker
Tawhid,Karim
Hridoy,Hossain
Masum,Mondol
Nafiz,Islam
Ismail,Khan
Shadman,Khan
Tawseef,Barua
Tawsif,Islam
Tawhidul,Khan
Asif,Majumder
Tawhid,Sheikh
Rubel,Alam
Rashed,Majumder
Rubayet,Das
Azmain,Alam
Imran,Khan
Adil,Mia
Rubel,Bhuiyan
Touhid,Mia
Naimul,Mia
Hasan,Karim
Naeem,Talukder
Sameer,Islam
Limon,Ahmed
Rubayet,Alam
Ayaz,Ghosh
Tazwar,Biswas
Badhon,Biswas
Eshan,Khan
Tashfique,Islam
Ashfaq,Chowdhury
Arman,Khan
Arif,Sarker
Arman,Barua
Rayhan,Talukder
Iftekhar,Ahmed
Rifat,Talukder
Arham,Karim
Mahi,Biswas
Nashit,Mia
Shahed,Alam
Tawseef,Biswas
Tanzil,Hossain
Sameer,Das
Zayn,Mondol
Araf,Mia
Jubayed,Barua
Tonmoy,Biswas
Farid,Mondol
Naim,Sheikh
Salman,Sheikh
Mahir,Kabir
Sulaiman,Islam
Nahid,Mondol
Siam,Chowdhury
Sarwar,Mia
Touhid,Bhuiyan
Murtaza,Mia
Naim,Barua
Kamal,Talukder
Saad,Chowdhury
Arzan,Hossain
Akib,Sheikh
Raju,Bhuiyan
Akib,Khan
Nuhash,Mia
Tazwar,Hossain
Adnan,Kabir
Zahid,Chowdhury
Zidan,Hossain
Eshraq,Hossain
Mushfiq,Mia
Sadik,Barua
Touhid,Alam
Sohan,Rahman
Sadi,Chowdhury
Nahiyan,Sheikh
Subho,Talukder
Noyon,Bhuiyan
Eshraq,Islam
Rubayet,Rahman
Akash,Khan
Shadman,Sheikh
Farid,Hossain
Ayon,Alam
Jibon,Barua
Sumon,Ahmed
Saminur,Hossain
Minhaz,Hossain
Akash,Sarker
Ayaz,Hossain
Zayn,Barua
Tamim,Alam
Tashfique,Ghosh
Tanzil,Talukder
Nashit,Ahmed
Elham,Karim
Moazzem,Barua
Rakeeb,Ahmed
Saif,Ahmed
Saad,Majumder
Abid,Mia
Subho,Chowdhury
Sami,Majumder
Farid,Barua
Rumman,Khan
Rifat,Rahman
Arafat,Bhuiyan
Alamin,Alam
Sulaiman,Khan
Tashfique,Mondol
Zihad,Das
Foysal,Das
Shahin,Majumder
Shahin,Alam
Adil,Rahman
Elham,Rahman
Musharraf,Islam
Riaz,Alam
Rabbi,Sarker
Eshraq,Sarker
Araf,Ghosh
Shafin,Bhuiyan
Hamza,Bhuiyan
Shahariar,Islam
Haseeb,Biswas
Kawsar,Talukder
Abdul,Islam
Imtiaz,Das
Tawsin,Ahmed
Arko,Mondol
Abid,Kabir
Mahdee,Karim
Tafsir,Islam
Ayaz,Majumder
Shaon,Biswas
Rumman,Biswas
Sadik,Ghosh
Saikat,Das
Fardin,Chowdhury
Subho,Bhuiyan
Ebrahim,Ghosh
Tafsir,Rahman
Faiyaz,Rahman
Rubayet,Chowdhury
Taif,Barua
Mahirul,Mia
Naimul,Sheikh
Riaz,Ghosh
Kamal,Rahman
Kawsar,Karim
Saquib,Bhuiyan
Zidan,Mondol
Shahariar,Barua
Hasib,Bhuiyan
Asif,Barua
Zahid,Islam
Wasif,Bhuiyan
Biplob,Mondol
Rahi,Ghosh
Hasib,Karim
Riaz,Talukder
Saikat,Talukder
Shams,Mia
Azfar,Mondol
Hamza,Biswas
Shaon,Sheikh
Naimul,Talukder
Mahin,Barua
Badhon,Barua
Mamun,Das
Nawar,Alam
Mahedi,Sheikh
Tanzil,Kabir
Riad,Hossain
Tawsin,Sheikh
Rokon,Talukder
Naeem,Karim
Zohair,Karim
Emon,Islam
Abid,Sarker
Sayeed,Majumder
Imtiaz,Mondol
Rubayet,Islam
Rubel,Hossain
Shuvo,Majumder
Maruf,Biswas
Tawhidul,Hossain
Sayeed,Alam
Tawsin,Barua
Sayeed,Biswas
Jubayer,Bhuiyan
Sulaiman,Karim
Reza,Islam
Morsalin,Ghosh
Zayan,Karim
Zayan,Barua
Eshan,Talukder
Jibon,Ghosh
Saif,Hossain
Shanto,Karim
Shakil,Rahman
Rahi,Das
Rifat,Ghosh
Rayan,Mia
Jubair,Ahmed
Rokon,Chowdhury
Fardin,Ahmed
Afnan,Islam
Asgar,Ghosh
Raihan,Kabir
Sarwar,Talukder
Arafat,Ahmed
Wasif,Kabir
Shajid,Chowdhury
Zubair,Bhuiyan
Sumon,Khan
Mahir,Sheikh
Nuhash,Mondol
Rabbi,Khan
Nabil,Karim
Tawhid,Hossain
Murtaza,Ahmed
Emon,Kabir
Reza,Biswas
Tamim,Biswas
Shakil,Sheikh
Samin,Sheikh
Foysal,Karim
Kashif,Ghosh
Hossain,Biswas
Shahriar,Alam
Arko,Karim
Riazur,Alam
Tanzil,Ghosh
Arif,Khan
Niloy,Sarker
Asif,Kabir
Siam,Rahman
Jubair,Biswas
Saquib,Biswas
Nuhash,Sheikh
Tanjim,Sarker
Nawar,Rahman
Samiul,Bhuiyan
Saminul,Ahmed
Tafsir,Karim
Nabil,Sarker
Riad,Majumder
Wahid,Talukder
Shahinur,Khan
Nahiyan,Bhuiyan
Tawseef,Kabir
Imtiaz,Sheikh
Adib,Ghosh
Ashik,Majumder
Azmain,Sarker
Shaquil,Sarker
Rakin,Mondol
Arman,Mondol
Arko,Bhuiyan
Eshraq,Alam
Jubayed,Chowdhury
Nahiyan,Karim
Parvez,Mondol
Maruf,Kabir
Nafiz,Ghosh
Taif,Kabir
Sulaiman,Ahmed
Sadik,Alam
Arif,Alam
Himu,Ghosh
Jahin,Islam
Imran,Kabir
Shuvo,Rahman
Nazmul,Mia
Sadik,Talukder
Shakil,Mondol
Jubayed,Hossain
Saeem,Sarker
Zayan,Islam
Tawsif,Mia
Sulaiman,Sheikh
Tazwar,Islam
Limon,Sarker
Nafiz,Mondol
Shaon,Karim
Musharraf,Alam
Mahi,Das
Azfar,Das
Taif,Talukder
Arafat,Barua
Asif,Ahmed
Shahinur,Das
Raihan,Mia
Tuhin,Bhuiyan
Tawseef,Khan
Samin,Biswas
Kamal,Chowdhury
Rokon,Das
Hridoy,Kabir
Hridoy,Barua
Jahid,Sheikh
Hasan,Mondol
Shuvo,Ahmed
Naeem,Mia
Zayn,Ghosh
Mazhar,Ahmed
Anas,Majumder
Touhid,Talukder
Shaon,Ahmed
Haider,Alam
Hossain,Khan
Asif,Karim
Ruman,Majumder
Raju,Hossain
Nawaz,Kabir
Musharraf,Talukder
Rehan,Ahmed
Mahin,Kabir
Nabil,Ahmed
Rakib,Biswas
Rubayet,Sheikh
Tashfique,Ahmed
Biplob,Bhuiyan
Tawsin,Ghosh
Zubair,Talukder
Mahedi,Biswas
Akash,Alam
Hossain,Ahmed
Ashfaq,Rahman
Hridoy,Bhuiyan
Ismail,Barua
Niloy,Khan
Rumman,Mondol
Mahedi,Talukder
Adnan,Hossain
Rashed,Sheikh
Tawsif,Biswas
Samin,Kabir
Azmain,Islam
Rayhan,Khan
Salman,Khan
Shaon,Mondol
Akash,Ahmed
Mahi,Islam
Rahi,Alam
Imran,Bhuiyan
Arsal,Ahmed
Rubayet,Majumder
Abeer,Khan
Reza,Sarker
Saif,Ghosh
Shaon,Sarker
Abid,Majumder
Sumon,Sarker
Rubel,Sarker
Shahariar,Ghosh
Tuhin,Kabir
Miraz,Bhuiyan
Limon,Chowdhury
Ebrahim,Biswas
Jubayed,Ghosh
Taif,Sheikh
Maruf,Majumder
Shadman,Bhuiyan
Mahi,Talukder
Sayeed,Talukder
Imtiaz,Rahman
Shamim,Bhuiyan
Saminur,Barua
Niloy,Bhuiyan
Biplob,Talukder
Shahbaz,Ahmed
Saad,Alam
Himu,Majumder
Morsalin,Kabir
Tanjim,Mondol
Ashik,Mondol
Miraz,Karim
Shahinur,Barua
Araf,Das
Asgar,Sarker
Hamza,Majumder
Ashfaq,Majumder
Wahid,Chowdhury
Farid,Mia
Sayeed,Ghosh
Shahin,Bhuiyan
Tawseef,Majumder
Parvez,Chowdhury
Kawsar,Islam
Minhaz,Karim
Sameer,Barua
Nuhash,Barua
Himu,Ahmed
Sharif,Sarker
Haseeb,Mondol
Tonmoy,Karim
Imtiaz,Chowdhury
Zubair,Chowdhury
Ayon,Khan
Shamim,Alam
Nazim,Biswas
Adil,Kabir
Samin,Chowdhury
Adnan,Karim
Zahid,Karim
Shahariar,Chowdhury
Shahbaz,Majumder
Abid,Ahmed
Raihan,Biswas
Ayaz,Islam
Nazmul,Biswas
Rakib,Mia
Mizan,Mia
Morsalin,Islam
Alamin,Khan
Morsalin,Hossain
Riaz,Bhuiyan
Sayeed,Hossain
Zayn,Khan
Elham,Das
Azfar,Barua
Nawaz,Khan
Mazhar,Mondol
Arsal,Rahman
Haider,Karim
Rumman,Das
Kashif,Kabir
Tawhidul,Kabir
Adil,Majumder
Sarwar,Bhuiyan
Hasib,Talukder
Touhid,Majumder
Eshan,Alam
Nabil,Biswas
Shahinur,Bhuiyan
Zahid,Hossain
Adil,Islam
Tamzid,Mia
Shaquil,Sheikh
Shahinur,Alam
Eshraq,Bhuiyan
Mizan,Bhuiyan
Hasan,Barua
